nassemosta|nassemosta|Nasser Mostafavi|N|N
kenjenki|kenjenki|Ken Jenkins|N|N
joscoope|joscoope|Jos Cooper|N|N
mikebloom|mikebloom|Mike Bloomfield|N|N
adamhardy|adamhardy|Adam Hardy|N|N
phredgrove|phredgrove|Phred Groves|N|N
boblangh|boblangh|Bob Langhorne|N|N
aperso|aperso|a person|N|N
null|null|NULL|N|N
fionacoddi|fionacoddi|Fiona Coddington|N|N
johnlazen|johnlazen|John Lazenby|N|N
bernagrave|bernagrave|Bernard Gravett|N|N
donmacle|donmacle|Don MaCleary|N|N
hardwengin|hardwengin|Hardware Engineer|N|N
andyjones|andyjones|Andy Jones|N|N
brianknott|brianknott|Brian Knott|N|N
katehamil|katehamil|Kate Hamilton|N|N
tonycoomb|tonycoomb|Tony Coomber|N|N
colinclegg|colinclegg|Colin Clegg|N|N
davidtuffi|davidtuffi|David Tuffin|N|N
alidollo|alidollo|Ali Dolloso|N|N
juliablack|juliablack|Julian Black|N|N
grahahunte|grahahunte|Graham Hunter-Brown|N|N
williwragg|williwragg|William Wragg|N|N
